{
  "config": {
    "model_a": "Qwen/Qwen2.5-14B-Instruct",
    "model_b": "Qwen/Qwen2.5-7B-Instruct",
    "tp_size": 4
  },
  "model_a_baseline": {
    "ttft_short": 0.05529999700956978,
    "ttft_medium": 0.015561339998384938,
    "ttft_long": 0.01498470499063842,
    "throughput_tok_s": 186.46787872864513,
    "throughput_elapsed": 0.5362853950064164,
    "throughput_tokens": 100,
    "kv_first_req": 0.24299511199933477,
    "kv_second_req": 0.24254509899765253
  },
  "sleep_a_time": 5.523385300999507,
  "model_b_baseline": {
    "ttft_short": 0.04774247502791695,
    "ttft_medium": 0.01292239801841788,
    "ttft_long": 0.011795183992944658,
    "throughput_tok_s": 290.1956047946766,
    "throughput_elapsed": 0.3445951570174657,
    "throughput_tokens": 100,
    "kv_first_req": 0.14634471700992435,
    "kv_second_req": 0.1455516089918092
  },
  "swap_ba": {
    "sleep_b": 3.332897513988428,
    "wake_a": 0.3928367590124253,
    "total": 3.8156208080181386
  },
  "model_a_postswap": {
    "ttft_short": 0.017640731006395072,
    "ttft_medium": 0.014281121984822676,
    "ttft_long": 0.015295265999156982,
    "throughput_tok_s": 221.2336969597405,
    "throughput_elapsed": 0.4520107080170419,
    "throughput_tokens": 100,
    "kv_first_req": 0.23001011699670926,
    "kv_second_req": 0.23013319200254045
  },
  "swap_ab": {
    "sleep_a": 0.8009984389937017,
    "wake_b": 0.3529213959991466,
    "total": 1.24345912199351
  },
  "model_b_postswap": {
    "ttft_short": 0.014192398986779153,
    "ttft_medium": 0.011468241980765015,
    "ttft_long": 0.011359477997757494,
    "throughput_tok_s": 372.55185467854653,
    "throughput_elapsed": 0.26841900998260826,
    "throughput_tokens": 100,
    "kv_first_req": 0.13770032199681737,
    "kv_second_req": 0.13741751000634395
  },
  "rapid_cycles": [
    {
      "direction": "B\u2192A",
      "sleep": 0.6595104949956294,
      "wake": 0.3907087080006022,
      "ttft": 0.012986093002837151,
      "total": 1.063271752995206
    },
    {
      "direction": "A\u2192B",
      "sleep": 0.7958203270100057,
      "wake": 0.3442343430069741,
      "ttft": 0.01120900598471053,
      "total": 1.1513236449973192
    },
    {
      "direction": "B\u2192A",
      "sleep": 0.6614555300038774,
      "wake": 0.39228516301955096,
      "ttft": 0.012896033993456513,
      "total": 1.0666935480257962
    },
    {
      "direction": "A\u2192B",
      "sleep": 0.8019743659824599,
      "wake": 0.3507961190189235,
      "ttft": 0.011014732997864485,
      "total": 1.1638447809964418
    },
    {
      "direction": "B\u2192A",
      "sleep": 0.6665763199853245,
      "wake": 0.40061259901267476,
      "ttft": 0.01280038501136005,
      "total": 1.0800578269991092
    },
    {
      "direction": "A\u2192B",
      "sleep": 0.7988766409980599,
      "wake": 0.3579689780017361,
      "ttft": 0.010732155991718173,
      "total": 1.1676339300174732
    },
    {
      "direction": "B\u2192A",
      "sleep": 0.6650343260262161,
      "wake": 0.3889594019856304,
      "ttft": 0.012703929009148851,
      "total": 1.0667537890258245
    },
    {
      "direction": "A\u2192B",
      "sleep": 0.7978332909988239,
      "wake": 0.3497270439984277,
      "ttft": 0.011315210984321311,
      "total": 1.1589465439901687
    },
    {
      "direction": "B\u2192A",
      "sleep": 0.6668867310218047,
      "wake": 0.4024195029924158,
      "ttft": 0.012874926993390545,
      "total": 1.082240707008168
    },
    {
      "direction": "A\u2192B",
      "sleep": 0.800922485999763,
      "wake": 0.35615190098178573,
      "ttft": 0.010757295007351786,
      "total": 1.167887786985375
    }
  ]
}